<?xml version="1.0" encoding="UTF-8"?>
<project-private xmlns="http://www.netbeans.org/ns/project-private/1">
    <editor-bookmarks xmlns="http://www.netbeans.org/ns/editor-bookmarks/2" lastBookmarkId="0"/>
    <open-files xmlns="http://www.netbeans.org/ns/projectui-open-files/2">
        <group>
            <file>file:/C:/Users/joelh/OneDrive/Documentos/NetBeansProjects/psn4/src/ExamenII/HashTable.java</file>
            <file>file:/C:/Users/joelh/OneDrive/Documentos/NetBeansProjects/psn4/src/ExamenII/Trophy.java</file>
            <file>file:/C:/Users/joelh/OneDrive/Documentos/NetBeansProjects/psn4/src/ExamenII/PSNUser.java</file>
            <file>file:/C:/Users/joelh/OneDrive/Documentos/NetBeansProjects/psn4/src/ExamenII/Entry.java</file>
            <file>file:/C:/Users/joelh/OneDrive/Documentos/NetBeansProjects/psn4/src/ExamenII/Main.java</file>
        </group>
    </open-files>
</project-private>
